best_auc,best_auc_threshold,best_f1_score,best_f1_score_threshold,_total,_tot_anomaly,_tot_normal,_tpr_recall,_precision,_accuracy,_f1_score,_fnr,_tnr,_fpr,_t_pos,_f_pos,_f_neg,_t_neg,_auc,total,tot_anomaly,tot_normal,tpr_recall,precision,accuracy,f1_score,fnr,tnr,fpr,t_pos,f_pos,f_neg,t_neg,auc,time_to_fit
0.9559292106143028,0.09946635989439709,0.8811594202898552,-0.01053364010560293,40000,186,39814,0.9731182795698925,0.06908396946564886,0.9389,0.12900926585887385,0.026881720430107527,0.938740141658713,0.061259858341286985,181,2439,5,37375,0.9559292106143028,40000,186,39814,0.8172043010752689,0.9559748427672956,0.998975,0.8811594202898552,0.1827956989247312,0.999824182448385,0.0001758175516150098,152,7,34,39807,0.9085142417618269,3.5863395310000215
0.9504868025533048,0.0893068149212076,0.8364779874213837,-0.010693185078792414,40000,172,39828,0.9476744186046512,0.0805734058329214,0.953275,0.14851936218678813,0.05232558139534884,0.9532991865019584,0.04670081349804158,163,1860,9,37968,0.9504868025533048,40000,172,39828,0.7732558139534884,0.910958904109589,0.9987,0.8364779874213837,0.22674418604651161,0.9996735964647986,0.0003264035352013659,133,13,39,39815,0.8864647052091436,3.588242300000047
0.9362018428572348,0.07162095167084523,0.8850574712643677,-0.038379048329154765,40000,191,39809,0.8952879581151832,0.15804066543438078,0.976725,0.26865671641791045,0.10471204188481675,0.9771157275992866,0.022884272400713408,171,911,20,38898,0.9362018428572348,40000,191,39809,0.806282722513089,0.9808917197452229,0.999,0.8850574712643677,0.193717277486911,0.9999246401567484,7.535984325152604e-05,154,3,37,39806,0.9031036813349187,3.6039116310000736
0.9378568444163272,0.0944305621710004,0.823529411764706,-0.030569437828999613,40000,204,39796,0.9313725490196079,0.079002079002079,0.944275,0.14564967420467614,0.06862745098039216,0.9443411398130466,0.055658860186953464,190,2215,14,37581,0.9378568444163272,40000,204,39796,0.7205882352941176,0.9607843137254902,0.998425,0.823529411764706,0.27941176470588236,0.9998492310785003,0.0001507689214996482,147,6,57,39790,0.860218733186309,3.565200700000105
0.9292358541263693,0.10424928686702038,0.8679245283018867,-0.02575071313297965,40000,174,39826,0.9252873563218391,0.05705173635719348,0.93315,0.10747663551401869,0.07471264367816093,0.9331843519308994,0.06681564806910059,161,2661,13,37165,0.9292358541263693,40000,174,39826,0.7931034482758621,0.9583333333333334,0.99895,0.8679245283018867,0.20689655172413793,0.9998493446492241,0.00015065535077587506,138,6,36,39820,0.8964763964625432,3.5940183889999844
0.9450838852972673,0.06925914664447627,0.9121813031161473,-0.030740853355523724,40000,190,39810,0.9157894736842105,0.1457286432160804,0.9741,0.25144508670520227,0.08421052631578947,0.9743782969103241,0.02562170308967596,174,1020,16,38790,0.9450838852972673,40000,190,39810,0.8473684210526315,0.9877300613496932,0.999225,0.9121813031161473,0.15263157894736842,0.9999497613664908,5.023863350916855e-05,161,2,29,39808,0.9236590912095612,3.5916161869999996
0.947025344068536,0.07264829010635906,0.9008498583569405,-0.027351709893640937,40000,190,39810,0.9315789473684211,0.1059245960502693,0.962325,0.19022031166039763,0.06842105263157895,0.962471740768651,0.03752825923134891,177,1494,13,38316,0.947025344068536,40000,190,39810,0.8368421052631579,0.9754601226993865,0.999125,0.9008498583569405,0.1631578947368421,0.9998995227329817,0.0001004772670183371,159,4,31,39806,0.9183708139980699,3.5749189940001997
0.9460065775534848,0.07608628818867523,0.8254847645429362,-0.003913711811324772,40000,181,39819,0.9281767955801105,0.1044776119402985,0.963675,0.18781442146450533,0.0718232044198895,0.9638363595268591,0.03616364047314096,168,1440,13,38379,0.9460065775534848,40000,181,39819,0.8232044198895028,0.8277777777777777,0.998425,0.8254847645429362,0.17679558011049723,0.9992214771842588,0.000778522815741229,149,31,32,39788,0.9112129485368808,3.5602907059999325
0.952700843924903,0.07383276507242162,0.8587257617728533,-0.02616723492757838,40000,198,39802,0.9494949494949495,0.09675759135357695,0.955875,0.17561886968706214,0.050505050505050504,0.9559067383548565,0.04409326164514346,188,1755,10,38047,0.952700843924903,40000,198,39802,0.7828282828282829,0.950920245398773,0.998725,0.8587257617728533,0.21717171717171718,0.9997990050751219,0.00020099492487814683,155,8,43,39794,0.8913136439517024,3.575864501000069
0.9377271271308427,0.11328666653750072,0.8839779005524862,-0.021713333462499318,40000,199,39801,0.9547738693467337,0.05676725425754407,0.92085,0.1071630005640158,0.04522613065326633,0.9206803849149519,0.07931961508504812,190,3157,9,36644,0.9377271271308427,40000,199,39801,0.8040201005025126,0.9815950920245399,0.99895,0.8839779005524862,0.19597989949748743,0.9999246250094219,7.537499057812617e-05,160,3,39,39798,0.9019723627559673,3.5668465889998515
0.9509788699944597,0.08394797195001188,0.8862275449101796,-0.02105202804998812,40000,181,39819,0.9447513812154696,0.0912,0.95715,0.16634241245136186,0.055248618784530384,0.9572063587734498,0.04279364122655014,171,1704,10,38115,0.9509788699944597,40000,181,39819,0.8176795580110497,0.9673202614379085,0.99905,0.8862275449101796,0.18232044198895028,0.9998744318039127,0.000125568196087295,148,5,33,39814,0.9087769949074812,3.5522075569999743
0.9459008888873269,0.09382844253731136,0.8563218390804597,-0.016171557462688654,40000,193,39807,0.9378238341968912,0.08991554893194237,0.9539,0.16409791477787852,0.06217616580310881,0.9539779435777627,0.04602205642223729,181,1832,12,37975,0.9459008888873269,40000,193,39807,0.772020725388601,0.9612903225806452,0.99875,0.8563218390804597,0.22797927461139897,0.9998492727409752,0.00015072725902479464,149,6,44,39801,0.8859349990647882,3.582711917999859
0.9556633459911942,0.09884625108991238,0.8845070422535211,-0.031153748910087643,40000,195,39805,0.9743589743589743,0.07039644312708411,0.93715,0.13130615065653076,0.02564102564102564,0.9369677176234141,0.06303228237658585,190,2509,5,37296,0.9556633459911942,40000,195,39805,0.8051282051282052,0.98125,0.998975,0.8845070422535211,0.19487179487179487,0.9999246325838462,7.536741615374953e-05,157,3,38,39802,0.9025264188560257,3.553515920000109
0.9496029404279781,0.0747033275848514,0.8608923884514436,-0.005296672415148592,40000,191,39809,0.9319371727748691,0.12018906144496962,0.9671,0.21291866028708134,0.06806282722513089,0.9672687080810872,0.03273129191891281,178,1303,13,38506,0.9496029404279781,40000,191,39809,0.8586387434554974,0.8631578947368421,0.998675,0.8608923884514436,0.14136125654450263,0.9993468813584868,0.0006531186415132256,164,26,27,39783,0.9289928124069922,3.5588743519999753
0.9486704307482484,0.06361976044783077,0.9011627906976745,-0.051380239552169214,40000,189,39811,0.9259259259259259,0.13328255902513328,0.9712,0.23302263648468707,0.07407407407407407,0.9714149355705709,0.02858506442942905,175,1138,14,38673,0.9486704307482484,40000,189,39811,0.8201058201058201,1.0,0.99915,0.9011627906976745,0.17989417989417988,1.0,0.0,155,0,34,39811,0.91005291005291,3.562504153999953
0.9469297517017058,0.09157721702910601,0.893854748603352,-0.038422782970894,40000,196,39804,0.9489795918367347,0.07815126050420168,0.9449,0.14440993788819878,0.05102040816326531,0.9448799115666767,0.055120088433323285,186,2194,10,37610,0.9469297517017058,40000,196,39804,0.8163265306122449,0.9876543209876543,0.99905,0.893854748603352,0.1836734693877551,0.9999497537935886,5.024620641141594e-05,160,2,36,39802,0.9081381422029168,3.5604641479999373
0.9381989929846116,0.07866535069420585,0.8700564971751412,-0.03633464930579415,40000,197,39803,0.9187817258883249,0.0968950749464668,0.957425,0.17530266343825665,0.08121827411167512,0.9576162600808984,0.042383739919101576,181,1687,16,38116,0.9381989929846116,40000,197,39803,0.7817258883248731,0.9808917197452229,0.99885,0.8700564971751412,0.2182741116751269,0.9999246287968243,7.537120317564003e-05,154,3,43,39800,0.8908252585608486,3.597169699999995
0.9518141444096482,0.07258665564711483,0.8523676880222842,-0.022413344352885167,40000,196,39804,0.9387755102040817,0.1162349968414403,0.964725,0.20685778527262505,0.061224489795918366,0.9648527786152146,0.035147221384785446,184,1399,12,38405,0.9518141444096482,40000,196,39804,0.7806122448979592,0.9386503067484663,0.998675,0.8523676880222842,0.2193877551020408,0.999748768967943,0.0002512310320570797,153,10,43,39794,0.8901805069329511,3.568984730000011
0.9403013896746786,0.09103358880394771,0.8767908309455588,-0.0189664111960523,40000,189,39811,0.9312169312169312,0.08032861706983113,0.9493,0.14789915966386555,0.06878306878306878,0.9493858481324257,0.050614151867574286,176,2015,13,37796,0.9403013896746786,40000,189,39811,0.8095238095238095,0.95625,0.998925,0.8767908309455588,0.19047619047619047,0.9998241691994675,0.00017583080053251615,153,7,36,39804,0.9046739893616385,3.5837453000003734
0.9579499559556882,0.0854018572456445,0.8356545961002786,-0.004598142754355502,40000,178,39822,0.9606741573033708,0.08751279426816785,0.95525,0.16041275797373356,0.03932584269662921,0.9552257546080056,0.04477424539199437,171,1783,7,38039,0.9579499559556882,40000,178,39822,0.8426966292134831,0.8287292817679558,0.998525,0.8356545961002786,0.15730337078651685,0.9992215358344634,0.0007784641655366381,150,31,28,39791,0.9209590825239733,3.558367989999624
0.9647348941586282,0.08508982842538812,0.903409090909091,-0.02991017157461189,40000,192,39808,0.9739583333333334,0.09550561797752809,0.9556,0.173953488372093,0.026041666666666668,0.9555114549839229,0.04448854501607717,187,1771,5,38037,0.9647348941586282,40000,192,39808,0.828125,0.99375,0.99915,0.903409090909091,0.171875,0.9999748794212219,2.5120578778135048e-05,159,1,33,39807,0.914049939710611,3.5840494549997857
0.9359774656391823,0.07589996431789134,0.851963746223565,-0.014100035682108658,40000,179,39821,0.9050279329608939,0.10953346855983773,0.96665,0.19541616405307602,0.09497206703910614,0.9669269983174706,0.033073001682529315,162,1317,17,38504,0.9359774656391823,40000,179,39821,0.7877094972067039,0.9276315789473685,0.998775,0.851963746223565,0.2122905027932961,0.9997237638431983,0.00027623615680168754,141,11,38,39810,0.8937166305249511,3.549194833999991
0.9399119405170185,0.09831868865465773,0.8635235732009925,-0.02168131134534229,40000,226,39774,0.9424778761061947,0.07874306839186691,0.937375,0.14534288638689868,0.05752212389380531,0.9373460049278423,0.06265399507215769,213,2492,13,37282,0.9399119405170185,40000,226,39774,0.7699115044247787,0.9830508474576272,0.998625,0.8635235732009925,0.23008849557522124,0.9999245738422085,7.54261577915221e-05,174,3,52,39771,0.8849180391334937,3.5458386279997285
0.953434820471597,0.08962010502477379,0.840909090909091,-0.01037989497522623,40000,192,39808,0.9479166666666666,0.10022026431718062,0.9589,0.18127490039840638,0.052083333333333336,0.9589529742765274,0.04104702572347267,182,1634,10,38174,0.953434820471597,40000,192,39808,0.7708333333333334,0.925,0.9986,0.840909090909091,0.22916666666666666,0.9996985530546624,0.0003014469453376206,148,12,44,39796,0.8852659431939979,3.538039685000058
0.9552032852278047,0.08436521289830165,0.8703170028818443,-0.020634787101698356,40000,188,39812,0.9521276595744681,0.09728260869565217,0.95825,0.17652859960552267,0.047872340425531915,0.9582789108811414,0.041721089118858634,179,1661,9,38151,0.9552032852278047,40000,188,39812,0.8031914893617021,0.949685534591195,0.998875,0.8703170028818443,0.19680851063829788,0.9997990555611374,0.0002009444388626545,151,8,37,39804,0.9014952724614198,3.544433564999963
0.9492424514414964,0.09867253239216353,0.8969072164948453,-0.026327467607836493,40000,210,39790,0.9571428571428572,0.07928994082840236,0.941425,0.146448087431694,0.04285714285714286,0.9413420457401357,0.05865795425986429,201,2334,9,37456,0.9492424514414964,40000,210,39790,0.8285714285714286,0.9775280898876404,0.999,0.8969072164948453,0.17142857142857143,0.9998994722292033,0.00010052777079668258,174,4,36,39786,0.9142354504003161,3.555133305000254
0.9537688363443568,0.08634576810471181,0.8860759493670888,-0.028654231895288197,40000,173,39827,0.9595375722543352,0.07420652659812249,0.94805,0.13775933609958504,0.04046242774566474,0.9480001004343787,0.05199989956562131,166,2071,7,37756,0.9537688363443568,40000,173,39827,0.8092485549132948,0.9790209790209791,0.9991,0.8860759493670888,0.1907514450867052,0.9999246742159841,7.532578401586863e-05,140,3,33,39824,0.9045866145646395,3.587934724000206
0.9350801731442899,0.09397236485239355,0.8835820895522387,-0.02602763514760647,40000,184,39816,0.9347826086956522,0.06265938069216757,0.935375,0.11744622738135882,0.06521739130434782,0.9353777375929274,0.06462226240707253,172,2573,12,37243,0.9350801731442899,40000,184,39816,0.8043478260869565,0.9801324503311258,0.999025,0.8835820895522387,0.1956521739130435,0.999924653405666,7.53465943339361e-05,148,3,36,39813,0.9021362397463113,3.583417298999848
0.9623092333804903,0.06394670476729877,0.9055555555555556,-0.03605329523270122,40000,197,39803,0.9543147208121827,0.13722627737226278,0.970225,0.23994894703254627,0.04568527918781726,0.9703037459487979,0.02969625405120217,188,1182,9,38621,0.9623092333804903,40000,197,39803,0.8274111675126904,1.0,0.99915,0.9055555555555556,0.17258883248730963,1.0,0.0,163,0,34,39803,0.9137055837563453,3.5576367240000764
0.9554744298410789,0.06249512508779318,0.8743169398907104,-0.02250487491220681,40000,197,39803,0.9441624365482234,0.123342175066313,0.966675,0.2181818181818182,0.05583756345177665,0.9667864231339346,0.033213576866065374,186,1322,11,38481,0.9554744298410789,40000,197,39803,0.8121827411167513,0.9467455621301775,0.99885,0.8743169398907104,0.18781725888324874,0.999773886390473,0.00022611360952692007,160,9,37,39794,0.9059783137536122,3.5469392989998596
0.9557145301908259,0.093486040232686,0.9023746701846965,-0.026513959767314018,40000,201,39799,0.9651741293532339,0.08315473639091299,0.94635,0.15311760063141278,0.03482587064676617,0.9462549310284178,0.053745068971582204,194,2139,7,37660,0.9557145301908259,40000,201,39799,0.8507462686567164,0.9606741573033708,0.999075,0.9023746701846965,0.14925373134328357,0.9998241161838237,0.00017588381617628584,171,7,30,39792,0.9252851924202701,3.5453374870003245
0.9488561123423817,0.09352063841315282,0.8757396449704141,-0.011479361586847203,40000,183,39817,0.9453551912568307,0.08357487922705314,0.952325,0.1535730137594319,0.0546448087431694,0.9523570334279328,0.04764296657206721,173,1897,10,37920,0.9488561123423817,40000,183,39817,0.8087431693989071,0.9548387096774194,0.99895,0.8757396449704141,0.1912568306010929,0.999824195695306,0.00017580430469397494,148,7,35,39810,0.9042836825471066,3.5512996259999454
0.9678551800977008,0.06763564024479327,0.8729281767955801,-0.01736435975520673,40000,194,39806,0.9690721649484536,0.12401055408970976,0.96665,0.2198830409356725,0.030927835051546393,0.9666381952469477,0.0333618047530523,188,1328,6,38478,0.9678551800977008,40000,194,39806,0.8144329896907216,0.9404761904761905,0.99885,0.8729281767955801,0.18556701030927836,0.999748781590715,0.0002512184092850324,158,10,36,39796,0.9070908856407183,3.5656622639999114
0.9659506026029588,0.060193266740879416,0.8571428571428572,-0.019806733259120576,40000,177,39823,0.9491525423728814,0.19649122807017544,0.9826,0.3255813953488372,0.05084745762711865,0.9827486628330362,0.017251337166963816,168,687,9,39136,0.9659506026029588,40000,177,39823,0.7966101694915254,0.9276315789473685,0.998825,0.8571428571428572,0.2033898305084746,0.9997237777163951,0.0002762222836049519,141,11,36,39812,0.8981669736039604,3.5425994429997445
0.9750632692027671,0.07785622472975326,0.9243243243243243,-0.022143775270246746,40000,196,39804,0.9897959183673469,0.10941906373378454,0.960475,0.19705434230573896,0.01020408163265306,0.9603306200381871,0.039669379961812884,194,1579,2,38225,0.9750632692027671,40000,196,39804,0.8724489795918368,0.9827586206896551,0.9993,0.9243243243243243,0.12755102040816327,0.9999246306903828,7.536930961712391e-05,171,3,25,39801,0.9361868051411099,3.5688429279998672
0.9652115073385793,0.07160562086154218,0.8902439024390244,-0.028394379138457815,40000,180,39820,0.9611111111111111,0.12401433691756272,0.969275,0.2196825396825397,0.03888888888888889,0.9693119035660472,0.03068809643395279,173,1222,7,38598,0.9652115073385793,40000,180,39820,0.8111111111111111,0.9864864864864865,0.9991,0.8902439024390244,0.18888888888888888,0.9999497739829232,5.022601707684581e-05,146,2,34,39818,0.9055304425470172,3.556341264999901
0.9567426170052239,0.07360019787817082,0.8424242424242424,-0.006399802121829179,40000,178,39822,0.9438202247191011,0.12209302325581395,0.96955,0.21621621621621623,0.056179775280898875,0.9696650092913465,0.030334990708653507,168,1208,10,38614,0.9567426170052239,40000,178,39822,0.7808988764044944,0.9144736842105263,0.9987,0.8424242424242424,0.21910112359550563,0.9996735472854201,0.0003264527145798805,139,13,39,39809,0.8902862118449574,3.5591545479996967
0.9463717510718115,0.08542051721424268,0.8774928774928776,-0.029579482785757328,40000,192,39808,0.9427083333333334,0.08341013824884792,0.95,0.15325994919559693,0.057291666666666664,0.9500351688102894,0.04996483118971061,181,1989,11,37819,0.9463717510718115,40000,192,39808,0.8020833333333334,0.9685534591194969,0.998925,0.8774928774928776,0.19791666666666666,0.9998743971061094,0.00012560289389067523,154,5,38,39803,0.9009788652197215,3.5441015860001244
0.9570425948067443,0.0713101312839117,0.8864864864864865,-0.028689868716088297,40000,202,39798,0.9405940594059405,0.15261044176706828,0.973325,0.2626123013130615,0.0594059405940594,0.9734911302075481,0.026508869792451883,190,1055,12,38743,0.9570425948067443,40000,202,39798,0.8118811881188119,0.9761904761904762,0.99895,0.8864864864864865,0.18811881188118812,0.9998994924368059,0.00010050756319413036,164,4,38,39794,0.9058903402778089,3.537416590000248
0.9508173270235997,0.09720810565465018,0.8936170212765957,-0.01779189434534983,40000,208,39792,0.9663461538461539,0.07240634005763688,0.93545,0.1347184986595174,0.03365384615384615,0.9352885002010455,0.06471149979895456,201,2575,7,37217,0.9508173270235997,40000,208,39792,0.8076923076923077,1.0,0.999,0.8936170212765957,0.19230769230769232,1.0,0.0,168,0,40,39792,0.9038461538461539,3.609688168000048
0.9394075807453827,0.08656534245616374,0.888888888888889,-0.03843465754383627,40000,190,39810,0.9263157894736842,0.08514755684567005,0.952375,0.155959237926451,0.07368421052631578,0.9524993720170811,0.04750062798291887,176,1891,14,37919,0.9394075807453827,40000,190,39810,0.8,1.0,0.99905,0.888888888888889,0.2,1.0,0.0,152,0,38,39810,0.9,3.5729263700000047
0.9462757671320557,0.07057347148441104,0.8888888888888888,-0.019426528515588955,40000,215,39785,0.9162790697674419,0.1726555652936021,0.97595,0.29056047197640117,0.08372093023255814,0.9762724644966696,0.0237275355033304,197,944,18,38841,0.9462757671320557,40000,215,39785,0.8372093023255814,0.9473684210526315,0.998875,0.8888888888888888,0.16279069767441862,0.9997486489883122,0.00025135101168782207,180,10,35,39775,0.9184789756569469,3.5703279099998326
0.9589746810573341,0.07527399882063199,0.8876404494382022,-0.02472600117936801,40000,195,39805,0.958974358974359,0.10274725274725274,0.958975,0.1856079404466501,0.041025641025641026,0.958975003140309,0.04102499685969099,187,1633,8,38172,0.9589746810573341,40000,195,39805,0.8102564102564103,0.9813664596273292,0.999,0.8876404494382022,0.18974358974358974,0.9999246325838462,7.536741615374953e-05,158,3,37,39802,0.9050905214201282,3.5469064480003
0.9550319077466846,0.07517722830415205,0.8525469168900803,-0.044822771695847946,40000,209,39791,0.9425837320574163,0.13212608987256874,0.96735,0.23176470588235293,0.05741626794258373,0.9674800834359528,0.032519916564047145,197,1294,12,38497,0.9550319077466846,40000,209,39791,0.7607655502392344,0.9695121951219512,0.998625,0.8525469168900803,0.23923444976076555,0.9998743434444975,0.00012565655550250056,159,5,50,39786,0.8803199468418659,3.5737418449998586
0.9608802601662058,0.07019218289884108,0.8909657320872274,-0.019807817101158916,40000,174,39826,0.9482758620689655,0.13513513513513514,0.973375,0.23655913978494625,0.05172413793103448,0.973484658263446,0.02651534173655401,165,1056,9,38770,0.9608802601662058,40000,174,39826,0.8218390804597702,0.9727891156462585,0.999125,0.8909657320872274,0.1781609195402299,0.9998995630994828,0.00010043690051725004,143,4,31,39822,0.9108693217796265,3.563283608999882
0.9639824120603016,0.0745279994564135,0.8756756756756757,-0.020472000543586496,40000,200,39800,0.955,0.15074980268350435,0.972875,0.2603953646898432,0.045,0.972964824120603,0.027035175879396984,191,1076,9,38724,0.9639824120603016,40000,200,39800,0.81,0.9529411764705882,0.99885,0.8756756756756757,0.19,0.9997989949748743,0.00020100502512562814,162,8,38,39792,0.9048994974874373,3.5523575340002935
0.9481819476419908,0.08488808972922232,0.8814589665653495,-0.020111910270777685,40000,182,39818,0.9395604395604396,0.0904283447911158,0.956725,0.16497829232995656,0.06043956043956044,0.9568034557235421,0.04319654427645788,171,1720,11,38098,0.9481819476419908,40000,182,39818,0.7967032967032966,0.9863945578231292,0.999025,0.8814589665653495,0.2032967032967033,0.9999497714601436,5.0228539856346375e-05,145,2,37,39816,0.8983265340817201,3.5339861949996703
0.9379209102290711,0.07239531838073651,0.8693181818181818,-0.04260468161926348,40000,197,39803,0.9035532994923858,0.13895394223263074,0.97195,0.24086603518267932,0.09644670050761421,0.9722885209657564,0.02771147903424365,178,1103,19,38700,0.9379209102290711,40000,197,39803,0.7766497461928934,0.9870967741935484,0.99885,0.8693181818181818,0.2233502538071066,0.9999497525312162,5.0247468783760015e-05,153,2,44,39801,0.8882997493620548,3.517943304000255
0.9289949748743719,0.10217271945100212,0.875,-0.0378272805489979,40000,200,39800,0.93,0.06094364351245085,0.928,0.11439114391143912,0.07,0.9279899497487437,0.07201005025125629,186,2866,14,36934,0.9289949748743719,40000,200,39800,0.805,0.9583333333333334,0.99885,0.875,0.195,0.9998241206030151,0.00017587939698492463,161,7,39,39793,0.9024120603015076,3.5936305779996474
0.9435628896447328,0.09359620701156365,0.8020050125313283,-0.006403792988436363,40000,207,39793,0.9468599033816425,0.07617567042363001,0.9403,0.1410071942446043,0.05314009661835749,0.940265875907823,0.059734124092177016,196,2377,11,37416,0.9435628896447328,40000,207,39793,0.7729468599033816,0.8333333333333334,0.998025,0.8020050125313283,0.22705314009661837,0.9991958384640515,0.0008041615359485337,160,32,47,39761,0.8860713491837164,3.5753340259998367
0.9477340966555567,0.08168859273093462,0.8866995073891626,-0.02331140726906538,40000,224,39776,0.9464285714285714,0.09468512728896829,0.949025,0.17214778725131952,0.05357142857142857,0.9490396218825422,0.050960378117457766,212,2027,12,37749,0.9477340966555567,40000,224,39776,0.8035714285714286,0.989010989010989,0.99885,0.8866995073891626,0.19642857142857142,0.9999497184231697,5.0281576830249393e-05,180,2,44,39774,0.9017605734972991,3.6182907110000997
0.9557673416722734,0.08011935747498619,0.8571428571428571,-0.009880642525013809,40000,193,39807,0.9481865284974094,0.11144945188794153,0.963275,0.1994550408719346,0.05181347150259067,0.9633481548471374,0.036651845152862565,183,1459,10,38348,0.9557673416722734,40000,193,39807,0.8082901554404145,0.9122807017543859,0.9987,0.8571428571428571,0.19170984455958548,0.999623181852438,0.00037681814756198657,156,15,37,39792,0.9039566686464262,3.5764999849998276
0.9444830991986587,0.07881150530621082,0.8597014925373134,-0.016188494693789184,40000,185,39815,0.9297297297297298,0.0958217270194986,0.9591,0.17373737373737375,0.07027027027027027,0.9592364686675876,0.04076353133241241,172,1623,13,38192,0.9444830991986587,40000,185,39815,0.7783783783783784,0.96,0.998825,0.8597014925373134,0.22162162162162163,0.9998493030264975,0.00015069697350244881,144,6,41,39809,0.8891138407024379,3.606494696000027
0.9404510734354633,0.06441818634557403,0.8623376623376624,-0.02558181365442596,40000,207,39793,0.9130434782608695,0.1287465940054496,0.967575,0.2256716417910448,0.08695652173913043,0.9678586686100571,0.032141331389942955,189,1279,18,38514,0.9404510734354633,40000,207,39793,0.8019323671497585,0.9325842696629213,0.998675,0.8623376623376624,0.19806763285024154,0.9996984394240193,0.0003015605759807001,166,12,41,39781,0.9008154032868889,3.5553353549998974
0.9487363022305856,0.08273699591881231,0.8767908309455589,-0.0322630040811877,40000,191,39809,0.9319371727748691,0.11483870967741935,0.965375,0.20448018380241242,0.06806282722513089,0.9655354316863021,0.03446456831369791,178,1372,13,38437,0.9487363022305856,40000,191,39809,0.8010471204188482,0.9683544303797469,0.998925,0.8767908309455589,0.19895287958115182,0.9998744002612474,0.0001255997387525434,153,5,38,39804,0.9004607603400478,3.5654642750000676
0.9492098772725259,0.08394313156664032,0.8817891373801916,-0.016056868433359683,40000,170,39830,0.9411764705882353,0.08588298443370908,0.957175,0.1574028529267093,0.058823529411764705,0.9572432839568165,0.04275671604318353,160,1703,10,38127,0.9492098772725259,40000,170,39830,0.8117647058823529,0.965034965034965,0.999075,0.8817891373801916,0.18823529411764706,0.9998744664825508,0.00012553351744915893,138,5,32,39825,0.905819586182452,3.565610416000254
0.9401172914560377,0.07226502223919903,0.8593350383631714,-0.02273497776080096,40000,212,39788,0.9150943396226415,0.12270714737507907,0.964875,0.21639709983268265,0.08490566037735849,0.965140243289434,0.034859756710566,194,1387,18,38401,0.9401172914560377,40000,212,39788,0.7924528301886793,0.9385474860335196,0.998625,0.8593350383631714,0.20754716981132076,0.9997235347340907,0.0002764652659093194,168,11,44,39777,0.896088182461385,3.5129766850000124
0.9387535142034409,0.061415424798299735,0.881159420289855,-0.03858457520170026,40000,193,39807,0.8963730569948186,0.18722943722943722,0.980725,0.3097582811101164,0.10362694300518134,0.9811339714120632,0.018866028587936796,173,751,20,39056,0.9387535142034409,40000,193,39807,0.7875647668393783,1.0,0.998975,0.881159420289855,0.21243523316062177,1.0,0.0,152,0,41,39807,0.8937823834196892,3.539798636999876
0.9515758976420149,0.09318974841600045,0.8774928774928776,-0.04181025158399957,40000,192,39808,0.9635416666666666,0.07145616067979915,0.939725,0.13304566702624956,0.036458333333333336,0.9396101286173634,0.060389871382636656,185,2404,7,37404,0.9515758976420149,40000,192,39808,0.8020833333333334,0.9685534591194969,0.998925,0.8774928774928776,0.19791666666666666,0.9998743971061094,0.00012560289389067523,154,5,38,39803,0.9009788652197215,3.5658651710000413
0.946557946062092,0.09867782270384015,0.8698224852071006,-0.021322177296159872,40000,186,39814,0.9516129032258065,0.07063048683160415,0.94155,0.13150074294205052,0.04838709677419355,0.9415029888983775,0.058497011101622545,177,2329,9,37485,0.946557946062092,40000,186,39814,0.7903225806451613,0.9671052631578947,0.9989,0.8698224852071006,0.20967741935483872,0.9998744160345607,0.0001255839654392927,147,5,39,39809,0.895098498339861,3.6142596139998204
0.9564336592043762,0.07937427806115392,0.8474576271186441,-0.015625721938846086,40000,191,39809,0.9424083769633508,0.13274336283185842,0.970325,0.23270846800258563,0.05759162303664921,0.9704589414454018,0.029541058554598206,180,1176,11,38633,0.9564336592043762,40000,191,39809,0.7853403141361257,0.9202453987730062,0.99865,0.8474576271186441,0.21465968586387435,0.9996734406792434,0.0003265593207566128,150,13,41,39796,0.8925068774076845,3.5548768459998428
0.9535918714389178,0.08809922526497659,0.8429319371727749,-0.006900774735023434,40000,197,39803,0.9593908629441624,0.08337009263343625,0.94785,0.15340909090909088,0.04060913705583756,0.9477928799336733,0.05220712006632666,189,2078,8,37725,0.9535918714389178,40000,197,39803,0.817258883248731,0.8702702702702703,0.9985,0.8429319371727749,0.18274111675126903,0.9993970303745949,0.0006029696254051202,161,24,36,39779,0.9083279568116629,3.6349679169998126
0.9511033362161595,0.09262600291199982,0.8795180722891566,-0.037373997088000196,40000,184,39816,0.9619565217391305,0.06924882629107981,0.94035,0.12919708029197077,0.03804347826086957,0.9402501506931886,0.059749849306811334,177,2379,7,37437,0.9511033362161595,40000,184,39816,0.7934782608695652,0.9864864864864865,0.999,0.8795180722891566,0.20652173913043478,0.9999497689371107,5.023106288929074e-05,146,2,38,39814,0.896714014903338,3.594497248999687
0.9373047539513161,0.08285618679310969,0.8670212765957447,-0.02214381320689033,40000,208,39792,0.9134615384615384,0.10944700460829493,0.9609,0.1954732510288066,0.08653846153846154,0.9611479694410937,0.03885203055890631,190,1546,18,38246,0.9373047539513161,40000,208,39792,0.7836538461538461,0.9702380952380952,0.99875,0.8670212765957447,0.21634615384615385,0.9998743466023321,0.00012565339766787293,163,5,45,39787,0.8917640963780892,3.579365611999947
0.939847858271912,0.10651568032584088,0.8776119402985074,-0.02348431967415914,40000,179,39821,0.9441340782122905,0.061791590493601466,0.9356,0.1159917638984214,0.055865921787709494,0.9355616383315336,0.06443836166846639,169,2566,10,37255,0.939847858271912,40000,179,39821,0.8212290502793296,0.9423076923076923,0.998975,0.8776119402985074,0.1787709497206704,0.9997739885989805,0.00022601140101956253,147,9,32,39812,0.910501519439155,3.575667403999887
0.9490862894093413,0.0726859643115034,0.8854961832061069,-0.022314035688496603,40000,212,39788,0.9339622641509434,0.1220715166461159,0.96405,0.2159214830970556,0.0660377358490566,0.964210314667739,0.035789685332260984,198,1424,14,38364,0.9490862894093413,40000,212,39788,0.8207547169811321,0.9613259668508287,0.998875,0.8854961832061069,0.1792452830188679,0.9998240675580577,0.00017593244194229416,174,7,38,39781,0.910289392269595,3.581944596000085
0.9507138337419916,0.0964430880918021,0.8914956011730205,-0.04855691190819791,40000,188,39812,0.9627659574468085,0.06900495615707206,0.938775,0.1287797936677339,0.03723404255319149,0.9386617100371747,0.06133828996282528,181,2442,7,37370,0.9507138337419916,40000,188,39812,0.8085106382978723,0.9934640522875817,0.999075,0.8914956011730205,0.19148936170212766,0.9999748819451422,2.511805485783181e-05,152,1,36,39811,0.9042427601215073,3.624160675999974
0.9631271771168275,0.07782552645814297,0.8501362397820164,-0.01717447354185703,40000,192,39808,0.9739583333333334,0.08964525407478427,0.9524,0.16417910447761194,0.026041666666666668,0.9522960209003215,0.047703979099678454,187,1899,5,37909,0.9631271771168275,40000,192,39808,0.8125,0.8914285714285715,0.998625,0.8501362397820164,0.1875,0.9995227090032154,0.0004772909967845659,156,19,36,39789,0.9060113545016076,3.6109830339996734
0.9323322466132249,0.10928888634623843,0.8688524590163936,-0.0157111136537616,40000,193,39807,0.9326424870466321,0.062370062370062374,0.932025,0.1169210782721663,0.06735751295336788,0.9320220061798177,0.06797799382018238,180,2706,13,37101,0.9323322466132249,40000,193,39807,0.8238341968911918,0.9190751445086706,0.9988,0.8688524590163936,0.17616580310880828,0.9996483030622755,0.00035169693772452084,159,14,34,39793,0.9117412499767337,3.5936893580001197
0.9441719165182741,0.06131339508819753,0.9069767441860465,-0.03868660491180246,40000,188,39812,0.9148936170212766,0.13995117982099267,0.973175,0.2427664079040226,0.0851063829787234,0.9734502160152718,0.026549783984728223,172,1057,16,38755,0.9441719165182741,40000,188,39812,0.8297872340425532,1.0,0.9992,0.9069767441860465,0.1702127659574468,1.0,0.0,156,0,32,39812,0.9148936170212766,3.583880467999734
0.9588168856065319,0.08550450236661097,0.8950276243093923,-0.014495497633389032,40000,194,39806,0.9536082474226805,0.11440940012368583,0.963975,0.20430701270016566,0.04639175257731959,0.9640255237903833,0.03597447620961664,185,1432,9,38374,0.9588168856065319,40000,194,39806,0.8350515463917526,0.9642857142857143,0.99905,0.8950276243093923,0.16494845360824742,0.9998492689544289,0.00015073104557101946,162,6,32,39800,0.9174504076730907,3.5524423440001556
0.9519079643867148,0.09673436134423538,0.878453038674033,-0.023265638655764635,40000,201,39799,0.9701492537313433,0.06878306878306878,0.93385,0.12845849802371542,0.029850746268656716,0.9336666750420864,0.06633332495791351,195,2640,6,37159,0.9519079643867148,40000,201,39799,0.7910447761194029,0.9875776397515528,0.9989,0.878453038674033,0.208955223880597,0.9999497474810924,5.025251890751024e-05,159,2,42,39797,0.8954972618002476,3.596414988000106
0.9676875875463239,0.08348508156741084,0.8632707774798928,-0.006514918432589172,40000,196,39804,0.9795918367346939,0.09836065573770492,0.9559,0.1787709497206704,0.02040816326530612,0.9557833383579539,0.044216661642046025,192,1760,4,38044,0.9676875875463239,40000,196,39804,0.8214285714285714,0.9096045197740112,0.998725,0.8632707774798928,0.17857142857142858,0.9995980303487086,0.0004019696512913275,161,16,35,39788,0.91051330088864,3.563963285999762
0.9493015066244402,0.10020639275238616,0.888198757763975,-0.034793607247613864,40000,177,39823,0.9661016949152542,0.05981112277019937,0.93265,0.11264822134387353,0.03389830508474576,0.9325013183336263,0.0674986816663737,171,2688,6,37135,0.9493015066244402,40000,177,39823,0.807909604519774,0.9862068965517241,0.9991,0.888198757763975,0.192090395480226,0.9999497777666173,5.022223338271853e-05,143,2,34,39821,0.9039296911431957,3.6190628249996735
0.9481984695564062,0.08511528494826923,0.8862973760932945,-0.02488471505173078,40000,187,39813,0.93048128342246,0.11365120836054866,0.96575,0.20256111757857975,0.06951871657754011,0.9659156556903524,0.0340843443096476,174,1357,13,38456,0.9481984695564062,40000,187,39813,0.8128342245989305,0.9743589743589743,0.999025,0.8862973760932945,0.18716577540106952,0.999899530304172,0.00010046969582799588,152,4,35,39809,0.9063668774515513,3.6024328739999874
0.9379409721575617,0.09990969957490001,0.844311377245509,-0.020090300425100013,40000,178,39822,0.9325842696629213,0.06848184818481848,0.94325,0.12759415833973867,0.06741573033707865,0.9432976746522023,0.0567023253477977,166,2258,12,37564,0.9379409721575617,40000,178,39822,0.7921348314606742,0.9038461538461539,0.9987,0.844311377245509,0.20786516853932585,0.9996233237908694,0.0003766762091306313,141,15,37,39807,0.8958790776257718,3.607923160000155
0.9408535819244358,0.08909281818157709,0.8505154639175257,-0.005907181818422925,40000,205,39795,0.9414634146341463,0.0750680669000389,0.94025,0.13904899135446686,0.05853658536585366,0.9402437492147254,0.05975625078527453,193,2378,12,37417,0.9408535819244358,40000,205,39795,0.8048780487804879,0.9016393442622951,0.99855,0.8505154639175257,0.1951219512195122,0.9995476818695817,0.0004523181304183943,165,18,40,39777,0.9022128653250348,3.6564067730000716
0.9543030634563126,0.08939196933060042,0.8959537572254336,-0.03560803066939959,40000,189,39811,0.9629629629629629,0.07757885763000852,0.945725,0.14358974358974355,0.037037037037037035,0.9456431639496622,0.054356836050337844,182,2164,7,37647,0.9543030634563126,40000,189,39811,0.8201058201058201,0.9872611464968153,0.9991,0.8959537572254336,0.17989417989417988,0.9999497626284193,5.02373715807189e-05,155,2,34,39809,0.9100277913671196,3.5753343480000694
0.942903902592089,0.06746777620218755,0.8931506849315068,-0.02753222379781244,40000,196,39804,0.9183673469387755,0.12195121951219512,0.9672,0.21531100478468898,0.08163265306122448,0.9674404582454025,0.03255954175459753,180,1296,16,38508,0.942903902592089,40000,196,39804,0.8316326530612245,0.9644970414201184,0.999025,0.8931506849315068,0.1683673469387755,0.9998492613807658,0.00015073861923424781,163,6,33,39798,0.9157409572209951,3.6431669079997846
0.9349946203895723,0.10156353094883883,0.8259587020648969,-0.008436469051161192,40000,185,39815,0.9405405405405406,0.05833053972510895,0.9295,0.10984848484848486,0.05945945945945946,0.9294487002386035,0.07055129976139646,174,2809,11,37006,0.9349946203895723,40000,185,39815,0.7567567567567568,0.9090909090909091,0.998525,0.8259587020648969,0.24324324324324326,0.9996483737284942,0.0003516262715057139,140,14,45,39801,0.8782025652426255,3.6153940079998392
0.9444085732221325,0.08492015665952388,0.8695652173913043,-0.015079843340476129,40000,175,39825,0.9314285714285714,0.08763440860215053,0.957275,0.1601965601965602,0.06857142857142857,0.9573885750156936,0.04261142498430634,163,1697,12,38128,0.9444085732221325,40000,175,39825,0.8,0.9523809523809523,0.99895,0.8695652173913043,0.2,0.9998242310106716,0.00017576898932831136,140,7,35,39818,0.8999121155053358,3.6043221639997682
0.9724970126804068,0.06959019599027047,0.9050279329608938,-0.04040980400972952,40000,195,39805,0.9794871794871794,0.1221227621483376,0.965575,0.21716884593519045,0.020512820512820513,0.965506845873634,0.034493154126366034,191,1373,4,38432,0.9724970126804068,40000,195,39805,0.8307692307692308,0.9938650306748467,0.99915,0.9050279329608938,0.16923076923076924,0.9999748775279488,2.5122472051249842e-05,162,1,33,39804,0.9153720541485899,3.5551334699998733
0.9548487234030674,0.07257424726661696,0.8595041322314049,-0.027425752733383043,40000,198,39802,0.9444444444444444,0.11910828025477707,0.96515,0.2115384615384615,0.05555555555555555,0.9652530023616903,0.034746997638309636,187,1383,11,38419,0.9548487234030674,40000,198,39802,0.7878787878787878,0.9454545454545454,0.998725,0.8595041322314049,0.21212121212121213,0.9997738807095121,0.00022611929048791518,156,9,42,39793,0.89382633429415,3.6222266809995745
0.950169360891653,0.08988548124064652,0.8518518518518519,-0.025114518759353492,40000,183,39817,0.9508196721311475,0.07967032967032966,0.949525,0.14702154626108999,0.04918032786885246,0.9495190496521586,0.05048095034784138,174,2010,9,37807,0.950169360891653,40000,183,39817,0.7540983606557377,0.9787234042553191,0.9988,0.8518518518518519,0.2459016393442623,0.9999246552979884,7.534470201170354e-05,138,3,45,39814,0.877011507976863,3.6528335709999737
0.9423164869146717,0.09258457395037842,0.8783783783783784,-0.0274154260496216,40000,166,39834,0.9216867469879518,0.09392265193370165,0.962775,0.17047353760445683,0.0783132530120482,0.9629462268413918,0.03705377315860822,153,1476,13,38358,0.9423164869146717,40000,166,39834,0.7831325301204819,1.0,0.9991,0.8783783783783784,0.21686746987951808,1.0,0.0,130,0,36,39834,0.891566265060241,3.58944687300027
0.9502959197468547,0.07288985475153562,0.8938547486033519,-0.022110145248464386,40000,194,39806,0.9432989690721649,0.09718534253850239,0.957225,0.17621569571497353,0.05670103092783505,0.9572928704215445,0.04270712957845551,183,1700,11,38106,0.9502959197468547,40000,194,39806,0.8247422680412371,0.975609756097561,0.99905,0.8938547486033519,0.17525773195876287,0.999899512636286,0.00010048736371401296,160,4,34,39802,0.9123208903387615,3.5950948969998535
0.9403023130526632,0.09612620406598746,0.811111111111111,-0.018873795934012557,40000,199,39801,0.9447236180904522,0.06861313868613139,0.935925,0.1279346716570262,0.05527638190954774,0.935881008014874,0.06411899198512601,188,2552,11,37249,0.9403023130526632,40000,199,39801,0.7336683417085427,0.906832298136646,0.9983,0.811111111111111,0.2663316582914573,0.9996231250471094,0.0003768749528906309,146,15,53,39786,0.8666457333778259,3.595191184000214
0.9510418687993201,0.09798607305410188,0.7365439093484419,0.0029860730541018546,40000,173,39827,0.953757225433526,0.07422402159244265,0.94835,0.13772954924874795,0.046242774566473986,0.9483265121651141,0.05167348783488588,165,2058,8,37769,0.9510418687993201,40000,173,39827,0.7514450867052023,0.7222222222222222,0.997675,0.7365439093484419,0.24855491329479767,0.9987445702664022,0.0012554297335978105,130,50,43,39777,0.8750948284858022,3.5986776640002063
0.9448819023880322,0.07351242698290314,0.8735632183908046,-0.02148757301709686,40000,188,39812,0.925531914893617,0.10888610763454318,0.96405,0.1948488241881299,0.07446808510638298,0.9642318898824475,0.035768110117552494,174,1424,14,38388,0.9448819023880322,40000,188,39812,0.8085106382978723,0.95,0.9989,0.8735632183908046,0.19148936170212766,0.9997990555611374,0.0002009444388626545,152,8,36,39804,0.9041548469295049,3.610058821000166
0.944213671280883,0.08450111287120407,0.8806366047745358,-0.03549888712879594,40000,206,39794,0.9466019417475728,0.07768924302788845,0.94185,0.1435935198821797,0.05339805825242718,0.9418254008141931,0.058174599185806905,195,2315,11,37479,0.944213671280883,40000,206,39794,0.8058252427184466,0.9707602339181286,0.998875,0.8806366047745358,0.1941747572815534,0.9998743529175252,0.00012564708247474494,166,5,40,39789,0.9028497978179859,3.572102335999716
0.9632158984955328,0.0726221543979145,0.8681318681318682,-0.0173778456020855,40000,198,39802,0.9595959595959596,0.12582781456953643,0.9668,0.2224824355971897,0.04040404040404041,0.9668358373951058,0.03316416260489423,190,1320,8,38482,0.9632158984955328,40000,198,39802,0.797979797979798,0.9518072289156626,0.9988,0.8681318681318682,0.20202020202020202,0.9997990050751219,0.00020099492487814683,158,8,40,39794,0.89888940152746,3.5682590470000832
0.9386914894109067,0.11867826857362271,0.8983957219251336,-0.03632173142637733,40000,201,39799,0.9651741293532339,0.05260303687635575,0.912475,0.09976857804062743,0.03482587064676617,0.9122088494685796,0.08779115053142039,194,3494,7,36305,0.9386914894109067,40000,201,39799,0.835820895522388,0.9710982658959537,0.99905,0.8983957219251336,0.16417910447761194,0.9998743687027313,0.00012563129726877558,168,5,33,39794,0.9178476321125597,3.621561606999876
0.9499163262493839,0.08929226684788336,0.8782051282051282,-0.020707733152116655,40000,172,39828,0.9534883720930233,0.07127335940895263,0.946375,0.13263243024666396,0.046511627906976744,0.9463442804057447,0.053655719594255295,164,2137,8,37691,0.9499163262493839,40000,172,39828,0.7965116279069767,0.9785714285714285,0.99905,0.8782051282051282,0.20348837209302326,0.9999246761072612,7.532389273877674e-05,137,3,35,39825,0.898218152007119,3.580373896999845
0.9241594553556826,0.10764879380413248,0.8600000000000001,-0.022351206195867557,40000,169,39831,0.9171597633136095,0.05350362443907491,0.9311,0.10110893672537509,0.08284023668639054,0.9311591473977555,0.06884085260224448,155,2742,14,37089,0.9241594553556826,40000,169,39831,0.7633136094674556,0.9847328244274809,0.99895,0.8600000000000001,0.23668639053254437,0.9999497878536818,5.021214631819437e-05,129,2,40,39829,0.8816316986605688,3.582903564999924
0.9496148430984322,0.07519487176960857,0.8301886792452831,-0.01980512823039143,40000,183,39817,0.9398907103825137,0.096035734226689,0.95925,0.17426545086119555,0.060109289617486336,0.9593389758143507,0.04066102418564935,172,1619,11,38198,0.9496148430984322,40000,183,39817,0.7213114754098361,0.9777777777777777,0.99865,0.8301886792452831,0.2786885245901639,0.9999246552979884,7.534470201170354e-05,132,3,51,39814,0.8606180653539122,3.5959571979997236
0.9454919202225224,0.08830287391032074,0.8587896253602305,-0.021697126089679275,40000,189,39811,0.9417989417989417,0.08087233075874603,0.94915,0.1489539748953975,0.0582010582010582,0.9491848986461028,0.05081510135389716,178,2023,11,37788,0.9454919202225224,40000,189,39811,0.7883597883597884,0.9430379746835443,0.998775,0.8587896253602305,0.21164021164021163,0.9997739318278868,0.00022606817211323505,149,9,40,39802,0.8940668600938376,3.6166946420003114
0.9454911912797682,0.08134641911158666,0.8627450980392156,-0.033653580888413345,40000,174,39826,0.9367816091954023,0.08203321590337191,0.954125,0.15085608514576582,0.06321839080459771,0.954200773364134,0.04579922663586602,163,1824,11,38002,0.9454911912797682,40000,174,39826,0.7586206896551724,1.0,0.99895,0.8627450980392156,0.2413793103448276,1.0,0.0,132,0,42,39826,0.8793103448275862,3.6371379180000076
0.9625792068686048,0.08297353068807731,0.8534201954397395,-0.017026469311922702,40000,172,39828,0.9709302325581395,0.08391959798994975,0.9543,0.15448658649398703,0.029069767441860465,0.95422818117907,0.045771818820929996,167,1823,5,38005,0.9625792068686048,40000,172,39828,0.7616279069767442,0.9703703703703703,0.998875,0.8534201954397395,0.23837209302325582,0.999899568143015,0.00010043185698503566,131,4,41,39824,0.8807637375598796,3.6040541099996517
0.937575376884422,0.09853385989257976,0.8555240793201134,-0.026466140107420263,40000,200,39800,0.925,0.08529276164130936,0.950025,0.15618404390037993,0.075,0.9501507537688442,0.04984924623115578,185,1984,15,37816,0.937575376884422,40000,200,39800,0.755,0.9869281045751634,0.998725,0.8555240793201134,0.245,0.9999497487437186,5.0251256281407036e-05,151,2,49,39798,0.8774748743718592,3.5536767719995623
0.9408340059187515,0.07010586462795296,0.8817891373801916,-0.044894135372047034,40000,175,39825,0.9142857142857143,0.10966415352981494,0.96715,0.19583843329253364,0.08571428571428572,0.9673822975517891,0.032617702448210925,160,1299,15,38526,0.9408340059187515,40000,175,39825,0.7885714285714286,1.0,0.999075,0.8817891373801916,0.21142857142857144,1.0,0.0,138,0,37,39825,0.8942857142857144,3.5637030329999106
